planning_area,age_0_4,age_5_9,age_10_14,age_15_19,age_20_24,age_25_29,age_30_34,age_35_39,age_40_44,age_45_49,age_50_54,age_55_59,age_60_64,age_65_69,age_70_74,age_75_79,age_80_84,age_85_over,total,gender,year
Ang Mo Kio,6790,7660,8290,9320,10310,11170,12250,13070,13710,13000,14010,13800,12980,11050,6670,5140,3250,2300,174770,Total,2015
Ang Mo Kio,3480,3880,4200,4730,5130,5380,5800,6180,6610,6340,7000,6680,6040,5240,3070,2340,1340,770,84220,Male,2015
Ang Mo Kio,3310,3780,4090,4590,5180,5800,6450,6890,7100,6660,7010,7120,6940,5810,3600,2800,1910,1520,90550,Female,2015
Bedok,11690,13400,14750,16930,19450,19860,19270,20850,22520,21460,23430,23380,20590,16750,9310,7330,4760,4010,289750,Total,2015
Bedok,5930,6750,7460,8780,9830,9880,9200,9750,10860,10600,11560,11500,10010,8180,4430,3270,1920,1310,141220,Male,2015
Bedok,5760,6650,7290,8150,9630,9990,10080,11100,11660,10860,11870,11880,10570,8570,4880,4060,2840,2700,148530,Female,2015
Bishan,3430,4330,4710,5520,6860,6460,5720,6000,7070,6800,7540,7700,6360,4860,2730,2140,1370,1090,90700,Total,2015
Bishan,1630,2040,2220,2610,3280,3250,3030,3190,3750,3590,4070,3960,3230,2520,1460,1180,840,770,46590,Female,2015
Bishan,1800,2290,2490,2920,3590,3210,2690,2810,3320,3220,3470,3750,3130,2340,1270,960,530,320,44110,Male,2015
Boon Lay,0,0,0,0,0,0,0,0,0,0,0,0,0,0,0,0,0,0,0,Female,2015
Boon Lay,0,0,0,0,0,0,0,0,0,0,0,0,0,0,0,0,0,0,30,Total,2015
Boon Lay,0,0,0,0,0,0,0,0,0,0,0,0,0,0,0,0,0,0,0,Male,2015
Bukit Batok,5510,6890,7970,9240,10070,10460,9760,9940,10980,11310,12190,11770,9370,5990,3060,2230,1450,1090,139270,Total,2015
Bukit Batok,2820,3450,4010,4690,5050,5220,4640,4710,5300,5590,6000,5920,4770,3010,1470,1060,580,370,68650,Male,2015
Bukit Batok,2680,3440,3950,4550,5020,5240,5120,5230,5680,5720,6180,5850,4610,2980,1600,1170,870,720,70610,Female,2015
Bukit Merah,3530,3720,3220,3440,3870,4810,5860,6760,6470,5540,5530,5780,5700,5440,3580,3110,2070,1980,80390,Female,2015
Bukit Merah,7210,7480,6640,6860,7700,9340,11070,12840,12730,11320,11320,11740,10920,10030,6480,5590,3540,3010,155840,Total,2015
Bukit Merah,3680,3760,3420,3430,3830,4530,5210,6080,6260,5790,5790,5960,5230,4590,2910,2480,1470,1040,75450,Male,2015
Choa Chu Kang,3630,4840,5700,7670,7810,6080,5530,5670,6430,7680,8360,6830,4660,2830,1400,980,550,340,86990,Male,2015
Choa Chu Kang,7170,9340,11380,14820,15230,11940,11540,11960,13710,15990,16190,12910,8830,5650,2990,2220,1430,1040,174330,Total,2015
Choa Chu Kang,3530,4500,5680,7150,7420,5860,6010,6290,7280,8300,7830,6070,4180,2810,1600,1240,880,700,87340,Female,2015
Bukit Panjang,7330,7630,8460,9420,10400,10980,10690,10010,11180,10540,11620,10680,7880,5190,2740,2000,1290,1010,139030,Total,2015
Bukit Panjang,3780,3850,4340,4800,5350,5370,5280,4820,5410,5240,5740,5530,4020,2630,1280,890,520,320,69160,Male,2015
Bukit Panjang,3550,3770,4120,4620,5050,5600,5410,5190,5770,5310,5880,5150,3860,2560,1460,1120,780,680,69870,Female,2015
Jurong East,3290,3880,4550,4970,5760,6570,6360,6070,6530,6240,6720,7020,6420,4760,2360,1690,1040,760,84980,Total,2015
Jurong East,1670,1970,2350,2560,2990,3300,3110,2900,3200,3170,3360,3450,3230,2390,1190,760,440,260,42270,Male,2015
Jurong East,1620,1910,2200,2410,2770,3270,3260,3180,3330,3080,3360,3570,3190,2380,1170,930,600,500,42710,Female,2015
Queenstown,4450,4510,4360,4750,5290,6150,7110,7650,8050,7610,7500,6730,6150,5900,3950,3700,2420,1780,98050,Total,2015
Queenstown,2310,2280,2200,2380,2550,2840,3360,3520,3980,3630,3780,3200,2850,2570,1630,1550,980,640,46230,Male,2015
Queenstown,2140,2230,2170,2370,2740,3310,3760,4130,4070,3970,3730,3530,3300,3330,2310,2150,1440,1140,51820,Female,2015
Jurong West,13600,15900,16700,18020,19070,19930,22540,23410,23070,21680,20670,19100,15870,10820,5250,3550,2080,1410,272660,Total,2015
Jurong West,6740,7780,8080,8830,9320,10100,11870,11750,11270,10500,9730,9350,7820,5210,2710,1870,1250,940,135110,Female,2015
Jurong West,6860,8120,8620,9190,9750,9830,10670,11660,11800,11180,10940,9760,8050,5610,2540,1680,830,480,137560,Male,2015
Bukit Timah,3140,4660,4810,4820,4980,4310,3770,4940,6630,6330,5820,5330,4550,3930,2380,1880,1210,1000,74470,Total,2015
Bukit Timah,1520,2020,2250,2270,2320,1970,1680,2170,3050,3050,2770,2550,2210,1930,1140,850,560,370,34660,Male,2015
Bukit Timah,1610,2640,2560,2550,2660,2340,2090,2770,3580,3290,3060,2780,2340,2010,1240,1030,660,630,39810,Female,2015
Central Water Catchment,0,0,0,0,0,0,0,0,0,0,0,0,0,0,0,0,0,0,10,Total,2015
Central Water Catchment,0,0,0,0,0,0,0,0,0,0,0,0,0,0,0,0,0,0,0,Male,2015
Central Water Catchment,0,0,0,0,0,0,0,0,0,0,0,0,0,0,0,0,0,0,0,Female,2015
Changi,180,230,220,150,130,100,170,240,290,220,140,120,90,90,50,30,30,40,2530,Total,2015
Changi,100,120,110,80,70,50,70,120,150,130,80,60,60,50,30,10,10,10,1300,Male,2015
Changi,90,110,100,70,70,60,100,130,140,100,60,50,40,40,30,10,20,20,1230,Female,2015
Changi Bay,0,0,0,0,0,0,0,0,0,0,0,0,0,0,0,0,0,0,0,Female,2015
Changi Bay,0,0,0,0,0,0,0,0,0,0,0,0,0,0,0,0,0,0,0,Total,2015
Changi Bay,0,0,0,0,0,0,0,0,0,0,0,0,0,0,0,0,0,0,0,Male,2015
Tengah,0,0,0,0,0,0,0,0,0,0,0,0,0,0,0,0,0,0,0,Female,2015
Tengah,0,0,0,0,0,0,0,0,0,0,0,0,0,0,0,0,0,0,10,Total,2015
Tengah,0,0,0,0,0,0,0,0,0,0,0,0,0,0,0,0,0,0,0,Male,2015
Clementi,3910,4420,4480,4690,4850,5820,6630,7310,7600,6950,6960,6550,6630,6200,3350,2600,1480,1200,91630,Total,2015
Clementi,1970,2260,2260,2370,2420,2790,3180,3430,3650,3390,3490,3030,2890,2900,1610,1210,610,410,43870,Male,2015
Clementi,1940,2160,2220,2330,2430,3030,3450,3880,3940,3560,3480,3520,3740,3300,1740,1380,870,780,47760,Female,2015
Geylang,2190,2540,2700,3110,3710,4040,4230,4540,4540,4350,4620,4620,3980,3330,2050,1840,1330,1180,58870,Female,2015
Geylang,4490,5350,5420,6320,7540,8130,8180,8720,9000,8790,9610,9620,8070,6460,3890,3290,2240,1850,116960,Total,2015
Geylang,2300,2810,2720,3220,3830,4090,3940,4180,4460,4440,4990,5000,4100,3140,1840,1450,920,670,58090,Male,2015
Hougang,8390,10010,11670,14390,16830,16650,15010,14840,16700,17010,19620,19270,15060,10830,5970,4670,3050,2340,222310,Total,2015
Hougang,4110,5020,5700,6990,8240,8290,7770,7860,8590,8830,9830,9550,7390,5410,3150,2570,1850,1620,112750,Female,2015
Hougang,4280,4990,5980,7400,8590,8360,7240,6980,8120,8180,9790,9720,7670,5420,2810,2100,1200,720,109560,Male,2015
Pioneer,0,0,0,0,0,0,0,0,0,0,0,0,0,0,0,0,0,0,0,Male,2015
Pioneer,0,0,0,0,0,0,0,0,0,0,0,0,0,0,0,0,0,0,0,Female,2015
Pioneer,0,0,0,0,0,0,0,0,0,0,0,0,0,0,0,0,0,0,100,Total,2015
Punggol,12000,9200,6190,4450,3940,6750,15690,13400,10610,6500,5540,4730,3960,3020,1560,1040,660,510,109750,Total,2015
Punggol,6140,4740,3170,2330,1940,2690,7130,6880,5630,3450,2890,2280,1830,1420,700,460,270,140,54100,Male,2015
Punggol,5860,4460,3030,2120,2000,4060,8560,6520,4980,3050,2650,2450,2130,1600,860,580,390,380,55650,Female,2015
Seletar,10,10,10,10,0,0,0,10,20,20,20,10,10,0,0,0,0,0,140,Male,2015
Seletar,0,10,10,10,10,0,0,10,20,20,20,10,10,0,0,0,0,0,140,Female,2015
Seletar,10,20,20,20,10,10,0,20,40,30,40,20,10,10,0,10,0,0,270,Total,2015
Sembawang,4460,5400,5370,4820,4490,5120,6380,7200,7650,6110,5670,4890,3440,2210,1280,930,620,490,76530,Total,2015
Sembawang,2190,2640,2590,2320,2200,2600,3440,3810,3940,2960,2740,2420,1680,1140,720,530,380,330,38620,Female,2015
Sembawang,2270,2760,2780,2500,2300,2520,2930,3400,3720,3150,2930,2470,1760,1070,560,400,240,160,37910,Male,2015
Sengkang,7460,7480,6130,5730,5420,7870,11430,10820,9450,7030,6740,6350,4660,3350,1790,1390,970,830,104890,Female,2015
Sengkang,15340,15180,12630,11840,10870,14330,21130,21090,19230,14700,13630,12640,9270,6430,3350,2410,1450,1160,206680,Total,2015
Sengkang,7880,7700,6500,6100,5450,6460,9710,10270,9790,7680,6890,6290,4610,3090,1570,1020,490,330,101790,Male,2015
Serangoon,2090,2600,3210,4080,4660,4560,3620,3490,3980,4080,4690,5180,4540,3330,1690,1300,790,510,58380,Male,2015
Serangoon,1980,2480,3000,3650,4500,4490,3900,3970,4560,4690,5350,5610,4620,3520,1990,1680,1140,1150,62290,Female,2015
Serangoon,4070,5080,6210,7730,9160,9040,7510,7460,8540,8770,10040,10780,9160,6850,3680,2980,1930,1660,120670,Total,2015
Simpang,0,0,0,0,0,0,0,0,0,0,0,0,0,0,0,0,0,0,0,Total,2015
Simpang,0,0,0,0,0,0,0,0,0,0,0,0,0,0,0,0,0,0,0,Male,2015
Simpang,0,0,0,0,0,0,0,0,0,0,0,0,0,0,0,0,0,0,0,Female,2015
Southern Islands,90,90,80,90,80,70,60,120,160,200,180,110,70,40,20,10,10,0,1480,Total,2015
Southern Islands,40,50,50,60,50,40,40,60,90,100,70,40,30,20,10,10,0,0,760,Female,2015
Southern Islands,50,30,40,20,40,30,20,60,70,100,110,70,40,20,10,10,0,0,720,Male,2015
Sungei Kadut,20,20,20,20,20,30,30,20,40,40,20,40,30,30,20,20,10,10,430,Male,2015
Sungei Kadut,30,30,40,40,40,50,50,40,60,60,50,70,50,60,40,40,30,50,850,Total,2015
Sungei Kadut,10,10,20,30,20,20,20,20,20,30,30,30,20,30,20,20,20,40,420,Female,2015
Tampines,11210,12260,13820,18180,21380,20420,18820,18000,18310,19840,22810,22490,17360,11470,5500,4300,2830,2240,261230,Total,2015
Tampines,5850,6320,7020,9400,10970,10300,9090,8730,8730,9260,10900,10960,8860,5750,2530,1830,1050,660,128200,Male,2015
Tampines,5360,5940,6800,8790,10410,10120,9730,9270,9580,10580,11910,11530,8500,5720,2970,2480,1780,1580,133030,Female,2015
Tanglin,930,1290,1110,1010,960,880,1140,1580,1990,1800,1530,1260,1140,940,540,380,250,270,19000,Total,2015
Tanglin,450,580,510,430,440,380,450,670,920,880,770,610,550,460,270,170,120,110,8770,Male,2015
Tanglin,480,720,600,580,530,500,690,910,1070,920,760,660,590,470,270,210,140,160,10230,Female,2015
Toa Payoh,5040,5650,5740,6470,7330,7620,8440,9040,10140,9440,9730,9910,8290,7410,5040,4500,2810,2350,124940,Total,2015
Toa Payoh,2610,2940,2960,3280,3690,3640,3890,4260,4850,4600,4800,4920,4000,3340,2210,1910,1120,820,59840,Male,2015
Toa Payoh,2430,2720,2790,3190,3640,3980,4550,4780,5280,4830,4930,4990,4290,4070,2830,2600,1680,1540,65100,Female,2015
Tuas,0,0,0,0,0,0,0,0,0,0,0,0,0,0,0,0,0,0,0,Male,2015
Tuas,0,0,0,0,0,0,0,0,0,0,0,0,0,0,0,0,0,0,70,Total,2015
Tuas,0,0,0,0,0,0,0,0,0,0,0,0,0,0,0,0,0,0,0,Female,2015
Western Islands,0,0,0,0,0,0,0,0,0,0,0,0,0,0,0,0,0,0,0,Total,2015
Western Islands,0,0,0,0,0,0,0,0,0,0,0,0,0,0,0,0,0,0,0,Male,2015
Western Islands,0,0,0,0,0,0,0,0,0,0,0,0,0,0,0,0,0,0,0,Female,2015
Western Water Catchment,40,50,50,40,130,80,40,90,100,60,60,60,40,10,10,10,10,30,900,Total,2015
Western Water Catchment,30,20,30,20,20,30,20,40,50,30,40,40,20,10,10,0,0,0,400,Male,2015
Western Water Catchment,20,20,30,20,110,50,30,40,50,30,30,20,10,0,10,0,10,30,500,Female,2015
Woodlands,11960,14430,17000,21030,20050,17920,18460,18680,21110,22230,21060,16810,11640,7630,4060,3090,1890,1250,250290,Total,2015
Woodlands,6200,7400,8780,10830,10320,9000,9060,9000,10010,11110,11060,8800,6110,3760,1870,1380,790,440,125900,Male,2015
Woodlands,5770,7030,8210,10210,9730,8920,9400,9680,11110,11120,10000,8010,5530,3880,2190,1710,1100,810,124380,Female,2015
Yishun,5250,5060,5410,6270,7380,8350,8350,7540,7480,7350,8580,7860,6250,4080,2110,1440,770,470,99990,Male,2015
Yishun,10230,9950,10440,12190,14650,17010,17040,15420,15110,14950,17360,15950,12310,8340,4430,3190,1940,1480,201970,Total,2015
Yishun,4990,4890,5030,5920,7260,8660,8690,7880,7630,7600,8780,8090,6060,4260,2320,1740,1160,1010,101980,Female,2015
Downtown Core,120,100,100,120,140,210,330,370,360,330,280,280,250,250,140,140,70,130,3720,Total,2015
Downtown Core,50,60,40,60,60,100,160,170,190,180,160,160,110,120,70,60,20,80,1860,Male,2015
Downtown Core,70,50,60,60,80,110,160,190,170,150,120,130,140,120,80,80,50,50,1860,Female,2015
Marina East,0,0,0,0,0,0,0,0,0,0,0,0,0,0,0,0,0,0,0,Female,2015
Marina East,0,0,0,0,0,0,0,0,0,0,0,0,0,0,0,0,0,0,0,Total,2015
Marina East,0,0,0,0,0,0,0,0,0,0,0,0,0,0,0,0,0,0,0,Male,2015
Marina South,0,0,0,0,0,0,0,0,0,0,0,0,0,0,0,0,0,0,0,Total,2015
Marina South,0,0,0,0,0,0,0,0,0,0,0,0,0,0,0,0,0,0,0,Male,2015
Marina South,0,0,0,0,0,0,0,0,0,0,0,0,0,0,0,0,0,0,0,Female,2015
Museum,10,10,0,10,0,0,20,30,30,10,30,10,10,10,0,0,10,10,190,Male,2015
Museum,20,20,10,10,20,10,40,60,50,30,40,20,20,10,10,0,10,10,380,Total,2015
Museum,10,10,10,10,10,10,20,30,20,20,20,10,10,0,0,0,0,0,190,Female,2015
Newton,300,470,330,330,340,340,400,580,740,660,610,470,430,360,180,160,120,110,6920,Total,2015
Newton,150,260,170,150,120,120,150,230,340,330,300,230,230,190,90,70,60,50,3240,Male,2015
Newton,160,210,160,180,220,220,250,340,400,330,310,240,200,180,90,90,60,60,3680,Female,2015
Orchard,10,30,20,10,10,30,30,30,40,40,40,40,40,30,20,10,0,10,430,Male,2015
Orchard,20,30,20,20,20,30,40,50,50,40,30,40,30,40,10,10,0,10,500,Female,2015
Orchard,40,60,40,30,30,50,60,70,90,80,70,80,70,70,30,20,10,20,920,Total,2015
Outram,1290,1080,710,750,830,1160,1680,2140,1730,1470,1590,1650,1590,1470,930,850,550,610,22080,Total,2015
Outram,690,550,350,350,430,610,890,1100,800,710,680,740,750,710,460,450,300,410,10980,Female,2015
Outram,600,530,350,400,400,560,780,1040,930,770,910,910,840,760,470,400,240,210,11100,Male,2015
Kallang,4340,4440,4480,4750,5120,6120,7250,8260,8610,7770,7820,7840,7060,6100,3910,3400,2130,1810,101210,Total,2015
Kallang,2220,2250,2320,2420,2550,2980,3370,3980,4290,4040,4130,4160,3610,3030,1880,1590,920,690,50410,Male,2015
Kallang,2120,2200,2160,2330,2580,3150,3880,4280,4320,3740,3690,3680,3450,3070,2030,1810,1210,1120,50800,Female,2015
Lim Chu Kang,0,0,0,0,0,0,0,0,0,0,0,0,0,0,0,0,0,0,0,Female,2015
Lim Chu Kang,0,0,0,0,0,0,0,0,0,0,0,0,0,0,0,0,0,0,0,Male,2015
Lim Chu Kang,0,0,0,0,0,0,0,0,0,0,0,0,0,0,0,0,0,0,90,Total,2015
Mandai,50,50,70,80,60,70,70,70,90,80,80,70,50,40,30,20,10,10,1000,Male,2015
Mandai,90,120,150,170,150,140,150,170,190,180,170,140,90,80,50,40,20,10,2120,Total,2015
Mandai,40,70,80,90,90,70,70,100,100,100,80,70,40,40,30,20,10,10,1120,Female,2015
Marine Parade,2180,2710,2690,2600,2690,2610,2880,3860,4580,3830,3680,3370,2890,2760,1780,1650,1030,940,48730,Total,2015
Marine Parade,1130,1330,1340,1260,1300,1240,1270,1730,2150,1910,1770,1680,1350,1250,800,730,430,320,22970,Male,2015
Marine Parade,1050,1380,1350,1340,1390,1370,1610,2140,2430,1920,1910,1690,1550,1510,990,930,600,620,25770,Female,2015
North-Eastern Islands,0,0,0,0,0,0,0,0,0,0,0,0,0,0,0,0,0,0,0,Female,2015
North-Eastern Islands,0,0,0,0,0,0,0,0,0,0,0,0,0,0,0,0,0,0,60,Total,2015
North-Eastern Islands,0,0,0,0,0,0,0,0,0,0,0,0,0,0,0,0,0,0,0,Male,2015
Novena,2260,2770,2510,2540,2570,2640,3030,3980,4510,3910,3710,3360,2860,2460,1590,1380,980,930,47990,Total,2015
Novena,1150,1530,1320,1270,1240,1230,1350,1780,2200,1950,1870,1680,1380,1160,740,590,400,320,23160,Male,2015
Novena,1120,1240,1190,1270,1330,1410,1680,2200,2310,1960,1850,1680,1490,1300,840,790,580,610,24830,Female,2015
Pasir Ris,2800,3440,4380,6000,6510,4480,4110,4920,5420,7190,6830,5020,3330,2250,1300,1100,840,810,70740,Female,2015
Pasir Ris,5760,7100,9020,12330,13410,9100,7980,9090,10360,12960,14080,10480,7040,4470,2340,1900,1350,1140,139890,Total,2015
Pasir Ris,2960,3660,4640,6320,6900,4610,3870,4160,4940,5770,7250,5450,3720,2210,1040,790,510,330,69150,Male,2015
Paya Lebar,0,0,0,0,0,0,0,0,0,0,0,0,0,0,0,0,0,0,40,Total,2015
Paya Lebar,0,0,0,0,0,0,0,0,0,0,0,0,0,0,0,0,0,0,0,Female,2015
Paya Lebar,0,0,0,0,0,0,0,0,0,0,0,0,0,0,0,0,0,0,0,Male,2015
River Valley,190,230,240,180,190,220,250,380,500,450,350,310,260,230,120,80,50,50,4260,Male,2015
River Valley,230,300,280,230,280,290,390,490,550,420,330,310,250,240,140,100,50,80,4930,Female,2015
River Valley,420,520,520,410,470,500,640,870,1050,870,670,620,500,470,260,180,100,130,9190,Total,2015
Rochor,550,570,580,610,690,890,1050,1270,1260,1060,1110,1130,1050,900,620,510,340,400,14590,Total,2015
Rochor,270,280,270,320,310,450,520,660,680,560,630,610,510,420,300,230,180,240,7410,Male,2015
Rochor,280,290,310,290,390,440,530,620,580,500,480,520,550,490,320,280,170,160,7180,Female,2015
Singapore River,120,90,70,50,50,60,170,180,210,120,80,70,50,40,20,20,10,10,1410,Female,2015
Singapore River,200,170,120,90,80,90,280,360,410,270,190,140,100,90,50,40,10,30,2720,Total,2015
Singapore River,80,80,50,40,40,30,110,180,200,140,110,70,50,50,30,20,10,20,1310,Male,2015
Straits View,0,0,0,0,0,0,0,0,0,0,0,0,0,0,0,0,0,0,0,Female,2015
Straits View,0,0,0,0,0,0,0,0,0,0,0,0,0,0,0,0,0,0,0,Total,2015
Straits View,0,0,0,0,0,0,0,0,0,0,0,0,0,0,0,0,0,0,0,Male,2015
Ang Mo Kio,5280,6100,7030,7600,8680,10320,10490,10420,11350,12410,11860,12780,12730,11960,9930,5770,4150,3410,162280,Total,2020
Ang Mo Kio,2710,3020,3590,3870,4410,5100,5030,4890,5270,5910,5720,6330,6090,5480,4570,2570,1800,1210,77570,Male,2020
Ang Mo Kio,2570,3080,3440,3730,4280,5220,5460,5530,6070,6500,6140,6450,6650,6480,5350,3200,2350,2190,84700,Female,2020
Bedok,4980,5810,6470,7160,8310,9460,9020,8180,9000,10220,9800,10760,10670,9140,7300,3660,2440,1830,134210,Male,2020
Bedok,4810,5680,6340,6920,7730,9410,9340,9550,10510,10870,10250,11180,11190,9890,7930,4370,3360,3450,142790,Female,2020
Bedok,9790,11490,12810,14080,16050,18870,18360,17730,19500,21090,20050,21950,21860,19030,15230,8020,5810,5280,276990,Total,2020
Bishan,2790,3720,4300,4630,5240,6930,5730,5090,5750,6720,6290,6960,7130,5850,4390,2430,1760,1610,87320,Total,2020
Bishan,1470,2030,2260,2430,2740,3580,2810,2290,2670,3160,2980,3170,3450,2830,2050,1080,750,520,42260,Male,2020
Bishan,1320,1700,2040,2200,2510,3340,2920,2800,3090,3560,3320,3790,3680,3020,2340,1350,1020,1090,45060,Female,2020
Boon Lay,0,0,0,0,0,0,0,0,0,0,0,0,0,0,0,0,0,0,0,Male,2020
Boon Lay,0,0,0,0,0,0,0,0,0,0,0,0,0,0,0,0,0,0,40,Total,2020
Boon Lay,0,0,0,0,0,0,0,0,0,0,0,0,0,0,0,0,0,0,0,Female,2020
Bukit Batok,4030,3480,3870,4350,4920,5960,6750,5190,5060,5620,5870,6230,5820,4690,2870,1340,860,600,77480,Male,2020
Bukit Batok,7920,6820,7690,8570,9800,12480,13630,10980,10660,11680,11900,12500,11750,9330,5800,2880,1940,1720,158030,Total,2020
Bukit Batok,3890,3340,3820,4220,4890,6530,6870,5790,5600,6060,6030,6270,5930,4640,2930,1550,1090,1120,80550,Female,2020
Bukit Merah,5970,6470,6670,6130,6640,8890,10540,10650,11750,11830,10630,10670,11110,10220,9130,5620,4410,3930,151250,Total,2020
Bukit Merah,2920,3180,3300,2980,3360,4590,5590,5590,6180,6040,5250,5210,5490,5430,5080,3220,2580,2560,78520,Female,2020
Bukit Merah,3050,3300,3370,3150,3280,4300,4950,5060,5570,5790,5380,5470,5620,4800,4060,2400,1820,1370,72730,Male,2020
Choa Chu Kang,8990,9280,10210,12090,15450,16610,14430,13200,12640,14130,16080,16140,12760,8590,5380,2680,1840,1580,192070,Total,2020
Choa Chu Kang,4590,4740,5290,6110,8010,8390,7210,6290,6050,6660,7770,8290,6710,4470,2640,1200,780,500,95690,Male,2020
Choa Chu Kang,4400,4540,4920,5980,7440,8220,7230,6910,6590,7470,8310,7850,6050,4120,2740,1480,1070,1070,96380,Female,2020
Bukit Panjang,3190,3660,3650,4160,4700,5350,5010,4930,4480,5020,4930,5470,5290,3720,2370,1100,700,450,68150,Male,2020
Bukit Panjang,3060,3440,3660,3990,4590,5180,5440,5170,4880,5470,5180,5780,4990,3650,2420,1310,980,940,70120,Female,2020
Bukit Panjang,6250,7090,7310,8150,9290,10530,10460,10100,9360,10490,10100,11250,10280,7370,4790,2400,1670,1390,138270,Total,2020
Jurong East,2510,2900,3530,4160,4760,5700,5370,5090,5210,5860,5640,6220,6680,5950,4410,2050,1410,1140,78600,Total,2020
Jurong East,1310,1470,1830,2180,2460,2970,2650,2420,2460,2840,2810,3070,3280,2960,2190,990,610,420,38930,Male,2020
Jurong East,1200,1430,1700,1990,2310,2730,2720,2660,2750,3020,2830,3140,3400,2980,2230,1060,800,720,39670,Female,2020
Queenstown,3980,4280,4190,4120,4620,5910,6640,7180,7300,7430,6850,6850,6260,5720,5420,3480,3000,2690,95930,Total,2020
Queenstown,2070,2230,2140,2080,2210,2910,3050,3380,3380,3630,3280,3410,2920,2600,2280,1390,1200,950,45120,Male,2020
Queenstown,1910,2060,2050,2040,2410,3010,3590,3800,3920,3800,3570,3440,3330,3120,3140,2090,1800,1740,50820,Female,2020
Jurong West,5150,6370,7380,7800,8560,9440,9330,10560,10640,10430,9760,9240,8770,7280,4740,2440,1560,1400,130840,Female,2020
Jurong West,10580,13000,14990,16110,17400,19300,18330,19890,20880,21220,20120,19360,17820,14550,9650,4560,2820,2150,262730,Total,2020
Jurong West,5430,6630,7610,8310,8840,9860,9010,9330,10240,10790,10370,10130,9050,7270,4910,2120,1260,750,131900,Male,2020
Bukit Timah,3130,4900,4950,4850,4630,4570,4120,4800,5790,6730,6060,5310,4950,4220,3650,2160,1590,1470,77860,Total,2020
Bukit Timah,1630,2800,2740,2590,2440,2380,2290,2700,3190,3580,3120,2800,2580,2210,1890,1140,900,890,41880,Female,2020
Bukit Timah,1510,2100,2210,2260,2190,2180,1820,2110,2600,3150,2940,2510,2370,2010,1760,1010,690,580,35980,Male,2020
Central Water Catchment,0,0,0,0,0,0,0,0,0,0,0,0,0,0,0,0,0,0,0,Female,2020
Central Water Catchment,0,0,0,0,0,0,0,0,0,0,0,0,0,0,0,0,0,0,0,Total,2020
Central Water Catchment,0,0,0,0,0,0,0,0,0,0,0,0,0,0,0,0,0,0,0,Male,2020
Changi,130,140,150,110,100,90,140,150,170,160,130,100,100,70,60,20,20,20,1850,Total,2020
Changi,60,60,80,60,50,40,70,70,100,90,80,50,60,40,40,10,10,10,960,Male,2020
Changi,70,80,70,50,50,50,80,80,70,80,60,50,40,30,20,10,10,10,890,Female,2020
Changi Bay,0,0,0,0,0,0,0,0,0,0,0,0,0,0,0,0,0,0,0,Total,2020
Changi Bay,0,0,0,0,0,0,0,0,0,0,0,0,0,0,0,0,0,0,0,Male,2020
Changi Bay,0,0,0,0,0,0,0,0,0,0,0,0,0,0,0,0,0,0,0,Female,2020
Tengah,0,0,0,0,0,0,0,0,0,0,0,0,0,0,0,0,0,0,10,Total,2020
Tengah,0,0,0,0,0,0,0,0,0,0,0,0,0,0,0,0,0,0,0,Male,2020
Tengah,0,0,0,0,0,0,0,0,0,0,0,0,0,0,0,0,0,0,0,Female,2020
Clementi,1890,2160,2360,2240,2310,2540,2760,3140,3400,3560,3140,3180,2760,2710,2610,1360,960,570,43630,Male,2020
Clementi,1860,2180,2290,2230,2340,2580,3160,3660,3850,3870,3380,3220,3320,3550,3060,1610,1180,1040,48360,Female,2020
Clementi,3760,4340,4650,4470,4650,5110,5920,6800,7260,7420,6520,6400,6080,6260,5660,2960,2130,1610,91990,Total,2020
Geylang,1910,2100,2290,2390,2820,3960,4200,4090,4090,4160,3860,4150,4300,3690,3010,1780,1510,1550,55860,Female,2020
Geylang,3960,4270,4800,4840,5750,7930,8280,7810,7840,8190,7850,8600,8800,7300,5690,3240,2580,2390,110110,Total,2020
Geylang,2050,2170,2510,2450,2930,3970,4080,3720,3750,4040,3990,4450,4500,3610,2690,1470,1060,840,54260,Male,2020
Hougang,9110,9450,10320,11520,14160,17590,17190,15470,15090,16500,16610,19030,18620,14540,10130,5290,3790,3150,227560,Total,2020
Hougang,4680,4700,5140,5860,7300,8860,8390,7400,7090,8040,7930,9450,9350,7340,4950,2410,1590,1030,111490,Male,2020
Hougang,4440,4750,5180,5660,6860,8740,8800,8070,8000,8460,8690,9580,9270,7200,5190,2880,2200,2130,116070,Female,2020
Pioneer,0,0,0,0,0,0,0,0,0,0,0,0,0,0,0,0,0,0,80,Total,2020
Pioneer,0,0,0,0,0,0,0,0,0,0,0,0,0,0,0,0,0,0,0,Female,2020
Pioneer,0,0,0,0,0,0,0,0,0,0,0,0,0,0,0,0,0,0,0,Male,2020
Punggol,16160,15330,11410,8570,6820,8330,17200,22190,17420,14040,9290,7890,6440,5370,3990,1900,1190,940,174450,Total,2020
Punggol,8190,7990,5900,4380,3520,3690,7400,10600,8890,7380,4840,4120,3030,2490,1840,850,510,320,85940,Male,2020
Punggol,7960,7340,5510,4190,3300,4640,9800,11590,8520,6660,4460,3770,3410,2880,2150,1050,680,630,88520,Female,2020
Seletar,10,10,20,20,30,10,10,10,20,40,40,30,20,10,10,0,10,0,300,Total,2020
Seletar,10,10,10,10,10,0,0,10,20,20,20,20,10,10,10,0,0,0,160,Female,2020
Seletar,0,10,10,10,20,0,10,0,10,20,20,10,10,10,0,0,0,0,140,Male,2020
Sembawang,6310,5820,6400,6400,6030,7690,9130,8570,8630,8960,7310,6720,5530,3790,2370,1330,900,780,102640,Total,2020
Sembawang,3190,2990,3250,3270,3060,3620,4490,4150,4070,4330,3740,3480,2840,1920,1120,550,380,250,50710,Male,2020
Sembawang,3120,2830,3150,3130,2960,4080,4640,4410,4550,4620,3560,3250,2700,1870,1240,770,520,520,51930,Female,2020
Sengkang,8370,9130,8080,7010,6750,6820,9630,11910,10980,10260,8260,7520,6690,4950,3230,1520,890,480,122480,Male,2020
Sengkang,16380,17600,15930,13630,13180,14320,21500,25100,22600,20390,15940,14960,13640,10070,6820,3390,2160,1790,249370,Total,2020
Sengkang,8010,8470,7840,6620,6430,7500,11860,13190,11610,10130,7670,7440,6950,5120,3590,1870,1270,1300,126890,Female,2020
Serangoon,3550,4380,5190,6160,7520,9320,8020,6930,7240,8220,8390,9410,10090,8410,6210,3220,2470,2190,116900,Total,2020
Serangoon,1720,2060,2520,2970,3580,4650,4040,3670,3900,4430,4490,5030,5290,4270,3250,1800,1450,1430,60530,Female,2020
Serangoon,1840,2320,2660,3190,3940,4670,3980,3250,3350,3790,3900,4380,4800,4140,2970,1430,1020,750,56370,Male,2020
Simpang,0,0,0,0,0,0,0,0,0,0,0,0,0,0,0,0,0,0,0,Female,2020
Simpang,0,0,0,0,0,0,0,0,0,0,0,0,0,0,0,0,0,0,0,Total,2020
Simpang,0,0,0,0,0,0,0,0,0,0,0,0,0,0,0,0,0,0,0,Male,2020
Southern Islands,60,60,40,30,30,40,30,50,80,110,110,120,80,40,20,10,0,0,920,Male,2020
Southern Islands,50,80,70,70,60,50,60,100,90,120,100,80,50,30,20,10,10,0,1020,Female,2020
Southern Islands,110,140,110,100,90,90,90,150,170,230,210,190,120,70,30,20,10,0,1940,Total,2020
Sungei Kadut,10,20,20,20,30,30,20,30,20,20,30,30,30,20,20,10,20,20,370,Female,2020
Sungei Kadut,20,40,40,30,50,50,40,50,40,60,60,60,60,40,40,20,30,20,750,Total,2020
Sungei Kadut,10,20,20,10,20,20,20,20,20,40,30,20,30,30,20,10,20,10,380,Male,2020
Tampines,11740,11480,11990,13290,17590,21840,19990,18120,16880,17060,18730,21570,21360,16360,10540,4810,3490,3060,259900,Total,2020
Tampines,5940,5970,6220,6760,9030,11080,10000,8620,8170,8030,8700,10260,10350,8230,5160,2150,1390,940,127000,Male,2020
Tampines,5790,5510,5770,6530,8570,10770,9990,9510,8710,9030,10030,11310,11010,8120,5380,2660,2110,2120,132900,Female,2020
Tanglin,530,740,640,510,440,440,470,660,890,1050,870,740,600,530,450,250,160,140,10100,Male,2020
Tanglin,1070,1590,1370,1100,1000,1010,1200,1630,2000,2200,1760,1440,1250,1100,920,510,340,340,21810,Total,2020
Tanglin,540,850,730,600,560,570,730,970,1110,1150,880,690,640,570,480,260,190,200,11700,Female,2020
Toa Payoh,4350,5060,5300,5480,6180,8170,8360,8010,8580,9490,8780,9150,9320,7810,6760,4370,3650,3050,121850,Total,2020
Toa Payoh,2190,2670,2750,2790,3080,3940,4030,3660,4010,4530,4250,4400,4540,3740,2980,1830,1440,1070,57890,Male,2020
Toa Payoh,2170,2390,2550,2690,3100,4230,4320,4350,4570,4960,4540,4750,4780,4070,3780,2540,2210,1970,63960,Female,2020
Tuas,0,0,0,0,0,0,0,0,0,0,0,0,0,0,0,0,0,0,70,Total,2020
Tuas,0,0,0,0,0,0,0,0,0,0,0,0,0,0,0,0,0,0,0,Female,2020
Tuas,0,0,0,0,0,0,0,0,0,0,0,0,0,0,0,0,0,0,0,Male,2020
Western Islands,0,0,0,0,0,0,0,0,0,0,0,0,0,0,0,0,0,0,0,Female,2020
Western Islands,0,0,0,0,0,0,0,0,0,0,0,0,0,0,0,0,0,0,10,Total,2020
Western Islands,0,0,0,0,0,0,0,0,0,0,0,0,0,0,0,0,0,0,0,Male,2020
Western Water Catchment,10,30,10,10,20,20,10,30,40,20,20,30,30,10,0,0,0,0,290,Male,2020
Western Water Catchment,30,50,20,20,130,50,30,60,70,40,30,50,50,10,0,0,0,0,640,Total,2020
Western Water Catchment,20,20,10,10,110,20,20,30,30,20,20,20,20,0,0,0,0,0,350,Female,2020
Woodlands,11490,12540,14460,17110,21430,20740,18160,17730,17910,20320,21560,20200,15890,10830,6980,3530,2410,1850,255130,Total,2020
Woodlands,5870,6480,7420,8900,11110,10630,8960,8520,8630,9660,10680,10580,8290,5590,3380,1600,1020,680,127990,Male,2020
Woodlands,5630,6070,7040,8210,10320,10100,9210,9210,9280,10660,10870,9620,7610,5240,3610,1920,1390,1170,127150,Female,2020
Yishun,11670,11480,10950,11250,13020,16710,18780,17930,16220,15820,15350,17760,15820,12110,7980,3960,2670,2150,221610,Total,2020
Yishun,6090,5870,5640,5880,6660,8220,9110,8770,7950,7790,7520,8730,7740,6050,3830,1790,1110,740,109470,Male,2020
Yishun,5580,5610,5310,5370,6360,8490,9670,9160,8280,8020,7830,9020,8070,6070,4150,2170,1570,1410,112140,Female,2020
Downtown Core,50,60,30,40,50,90,160,200,160,170,130,130,120,70,70,20,20,50,1590,Male,2020
Downtown Core,110,110,60,100,100,230,330,410,340,330,250,220,190,130,130,50,50,70,3190,Total,2020
Downtown Core,50,60,30,60,60,130,170,210,180,160,120,90,80,70,60,30,20,20,1600,Female,2020
Marina East,0,0,0,0,0,0,0,0,0,0,0,0,0,0,0,0,0,0,0,Total,2020
Marina East,0,0,0,0,0,0,0,0,0,0,0,0,0,0,0,0,0,0,0,Male,2020
Marina East,0,0,0,0,0,0,0,0,0,0,0,0,0,0,0,0,0,0,0,Female,2020
Marina South,0,0,0,0,0,0,0,0,0,0,0,0,0,0,0,0,0,0,0,Female,2020
Marina South,0,0,0,0,0,0,0,0,0,0,0,0,0,0,0,0,0,0,0,Total,2020
Marina South,0,0,0,0,0,0,0,0,0,0,0,0,0,0,0,0,0,0,0,Male,2020
Museum,20,30,10,20,20,30,50,70,60,60,40,40,20,20,20,10,0,10,510,Total,2020
Museum,10,20,10,10,10,10,30,40,30,30,20,20,10,10,10,10,0,0,250,Female,2020
Museum,10,10,10,10,10,10,30,30,30,30,20,20,10,10,10,0,0,10,260,Male,2020
Newton,190,260,260,190,170,230,290,360,440,440,340,290,240,200,180,80,70,80,4310,Female,2020
Newton,380,590,520,380,340,390,470,620,770,850,690,600,470,400,370,160,120,150,8260,Total,2020
Newton,190,330,260,180,170,160,180,260,330,410,350,310,230,200,190,80,50,70,3950,Male,2020
Orchard,50,50,60,40,30,30,60,70,90,100,70,50,70,60,50,20,20,10,920,Total,2020
Orchard,30,20,40,30,20,30,40,40,40,40,40,30,30,30,20,10,10,0,490,Female,2020
Orchard,20,20,20,20,10,10,30,30,40,50,30,30,40,20,30,10,10,0,430,Male,2020
Outram,300,410,380,270,340,460,540,680,790,670,600,600,650,630,620,380,370,460,9130,Female,2020
Outram,350,390,360,270,340,440,530,590,710,760,640,800,810,730,630,330,290,240,9210,Male,2020
Outram,650,800,750,530,680,900,1070,1270,1500,1430,1230,1400,1460,1360,1250,710,660,700,18340,Total,2020
Kallang,1960,1950,2020,2100,2280,3080,3700,3880,3970,4110,3500,3600,3650,3480,3000,1840,1560,1590,51260,Female,2020
Kallang,3930,4130,4100,4280,4560,5980,7180,7290,7830,8140,7320,7490,7750,6930,5760,3420,2760,2430,101290,Total,2020
Kallang,1980,2180,2080,2180,2290,2900,3480,3410,3860,4030,3820,3900,4100,3450,2760,1580,1190,850,50040,Male,2020
Lim Chu Kang,10,0,10,10,10,10,0,10,0,10,10,10,10,10,10,0,0,0,110,Total,2020
Lim Chu Kang,0,0,10,0,0,0,0,0,0,10,0,10,10,10,10,0,0,0,60,Male,2020
Lim Chu Kang,0,0,0,10,10,0,0,0,0,0,10,10,0,0,0,0,0,0,50,Female,2020
Mandai,60,90,120,130,170,170,120,130,140,190,160,180,150,90,80,40,30,30,2090,Total,2020
Mandai,30,40,60,70,80,80,50,70,70,90,70,90,70,50,40,20,20,10,990,Male,2020
Mandai,40,50,60,70,90,90,70,60,80,100,90,90,80,40,40,30,20,20,1100,Female,2020
Marine Parade,990,1210,1200,1180,1210,1290,1300,1730,2050,2190,1730,1690,1520,1400,1390,870,790,800,24520,Female,2020
Marine Parade,910,1210,1230,1190,1180,1210,1080,1350,1680,1960,1710,1590,1500,1160,1090,680,550,440,21700,Male,2020
Marine Parade,1890,2420,2420,2360,2390,2500,2390,3070,3730,4150,3440,3270,3020,2560,2480,1550,1340,1240,46220,Total,2020
North-Eastern Islands,0,0,0,0,0,0,0,0,0,0,0,0,0,0,0,0,0,0,50,Total,2020
North-Eastern Islands,0,0,0,0,0,0,0,0,0,0,0,0,0,0,0,0,0,0,0,Male,2020
North-Eastern Islands,0,0,0,0,0,0,0,0,0,0,0,0,0,0,0,0,0,0,0,Female,2020
Novena,2170,2890,2620,2270,2400,2800,3270,3670,4170,4330,3610,3400,3070,2710,2280,1410,1140,1140,49330,Total,2020
Novena,1140,1690,1370,1200,1220,1320,1510,1610,1940,2140,1800,1690,1490,1280,1040,640,470,400,23930,Male,2020
Novena,1030,1200,1240,1080,1180,1480,1750,2060,2230,2200,1810,1710,1580,1420,1240,770,670,740,25400,Female,2020
Pasir Ris,2890,3360,3960,4820,6420,6890,4430,4180,4580,5190,5800,7090,5260,3530,2100,960,620,460,72540,Male,2020
Pasir Ris,2800,3180,3740,4540,6030,6500,4610,4710,5210,5660,7210,6740,4940,3220,2230,1270,1000,980,74570,Female,2020
Pasir Ris,5690,6550,7700,9360,12450,13400,9040,8890,9790,10850,13010,13830,10200,6750,4330,2230,1620,1440,147110,Total,2020
Paya Lebar,0,0,0,0,0,0,0,0,0,0,0,0,0,0,0,0,0,0,0,Male,2020
Paya Lebar,0,0,0,0,0,0,0,0,0,0,0,0,0,0,0,0,0,0,40,Total,2020
Paya Lebar,0,0,0,0,0,0,0,0,0,0,0,0,0,0,0,0,0,0,0,Female,2020
River Valley,240,340,310,310,240,310,350,510,560,560,430,320,290,210,200,120,90,80,5450,Female,2020
River Valley,220,270,240,210,180,220,250,350,480,520,450,340,280,230,200,100,50,50,4620,Male,2020
River Valley,450,610,560,530,410,530,600,850,1040,1080,880,650,570,450,400,220,140,120,10070,Total,2020
Rochor,210,200,230,240,310,340,460,490,540,600,470,520,530,440,350,220,150,240,6530,Male,2020
Rochor,200,230,250,280,280,420,460,480,530,510,460,430,480,480,440,260,210,190,6590,Female,2020
Rochor,410,430,480,520,590,760,920,970,1070,1110,930,960,1020,910,790,490,350,430,13120,Total,2020
Singapore River,120,140,100,70,60,70,120,210,210,190,130,90,70,50,50,20,20,10,1730,Female,2020
Singapore River,90,120,90,50,50,50,70,150,200,200,140,110,70,50,50,30,20,20,1540,Male,2020
Singapore River,210,260,190,120,100,130,180,360,410,380,270,200,140,100,90,50,30,30,3260,Total,2020
Straits View,0,0,0,0,0,0,0,0,0,0,0,0,0,0,0,0,0,0,0,Total,2020
Straits View,0,0,0,0,0,0,0,0,0,0,0,0,0,0,0,0,0,0,0,Male,2020
Straits View,0,0,0,0,0,0,0,0,0,0,0,0,0,0,0,0,0,0,0,Female,2020
